Shipment_ID,Order_Date,Origin,Destination,Transport_Mode,Carrier,Distance_km,Shipment_Weight_kg,Shipment_Volume_units,Promised_Delivery_Days,Actual_Delivery_Days,Transportation_Cost_INR,Delivery_Status,Distance_km_Normalized,Shipment_Weight_kg_Normalized,Shipment_Volume_units_Normalized,Actual_Delivery_Days_Normalized,Transportation_Cost_INR_Normalized
SHP10001,2026-04-13,Hyderabad,Pune,Road,Dtdc,1228.1,48.64625,39,1,6.2,10923.59,Delayed,0.8448859619749227,1.0,0.5483870967741935,0.5533980582524272,0.8945166183141744
SHP10002,2026-02-21,Mysuru,Mysuru,Air,Dtdc,815.6,14.27,38,3,3.0,12058.904999999999,On Time,0.5379320608698888,0.2639903653151345,0.5161290322580645,0.24271844660194172,1.0
SHP10003,2026-04-03,Pune,Mysuru,Air,Delhivery,607.4,6.36,31,2,2.7,11708.5,Delayed,0.3830040555121479,0.09463401579017797,0.2903225806451613,0.21359223300970875,0.967443481007807
SHP10004,2026-01-15,Mangaluru,Mangaluru,Road,Dhl,807.9,9.9,29,4,6.9,6611.83,Delayed,0.5322022547159281,0.1704268700655694,0.22580645161290322,0.6213592233009708,0.49390619229348764
SHP10005,2026-04-17,Mumbai,Chennai,Road,Dhl,164.5,28.7,43,5,6.4,2275.63,Delayed,0.05342858205900956,0.5729425933360095,0.6774193548387096,0.5728155339805825,0.09102501864029232
SHP10006,2026-03-13,Hubballi,Hyderabad,Rail,Ecom Express,886.7,14.24,42,7,7.8,5303.02,Delayed,0.5908397514603565,0.26334805299076675,0.6451612903225806,0.7087378640776698,0.37230319683916396
SHP10007,2026-03-02,Bengaluru,Bengaluru,Road,Delhivery,122.6,5.55,39,5,4.3,1690.7,On Time,0.022249507013431553,0.07729158303224942,0.5483870967741935,0.3689320388349514,0.036678520576327645
SHP10008,2026-01-21,Mumbai,Hubballi,Sea,Delhivery,1086.2,5.14,36,3,8.8,4507.39,Delayed,0.7392938199947912,0.06851331459922386,0.45161290322580644,0.8058252427184466,0.2983803270006667
SHP10009,2026-04-13,Hyderabad,Mumbai,Sea,Delhivery,314.6,16.96,30,7,9.4,2601.68,Delayed,0.16512259552777472,0.32158437040010707,0.25806451612903225,0.8640776699029126,0.12131868744468885
SHP10010,2026-03-24,Bengaluru,Pune,Road,Delhivery,697.0,21.34,52,4,5.0,5903.81,Delayed,0.44967816348550804,0.41536196975779466,0.967741935483871,0.4368932038834951,0.4281232651752885
SHP10011,2026-03-28,Bengaluru,Bengaluru,Road,Dhl,685.2,7.48,28,1,4.4,5707.79,Delayed,0.4408974215872307,0.11861367589990633,0.1935483870967742,0.3786407766990291,0.4099108285580892
SHP10012,2026-03-16,Bengaluru,Chennai,Sea,Dhl,1161.9,19.41,41,5,9.7,5349.55,Delayed,0.7956245116642483,0.3740398768901378,0.6129032258064516,0.8932038834951455,0.3766263509856708
SHP10013,2026-03-16,Mysuru,Hubballi,Road,Delhivery,875.3,15.49,39,3,5.6,7294.45,Delayed,0.5823566618298173,0.2901110665060886,0.5483870967741935,0.4951456310679611,0.5573291771094888
SHP10014,2026-03-29,Hyderabad,Chennai,Road,Ecom Express,774.6,7.85,38,4,6.4,6148.98,Delayed,0.5074227034267218,0.1265355279004416,0.5161290322580645,0.5728155339805825,0.45090228305835517
SHP10015,2026-04-27,Bengaluru,Pune,Rail,Bluedart,514.9,41.53,43,4,6.3,4635.030000000001,Delayed,0.31417196859768576,0.8476381640572729,0.6774193548387096,0.5631067961165048,0.3102395016247832
SHP10016,2026-04-10,Hubballi,Mysuru,Rail,Bluedart,1299.9,33.54,30,4,7.9,8155.97,Delayed,0.8983145440339324,0.6765689816673356,0.25806451612903225,0.7184466019417476,0.6373739602665621
SHP10017,2026-04-14,Chennai,Hubballi,Sea,Ecom Express,126.3,25.6,32,4,6.9,1466.35,Delayed,0.025002790490010043,0.5065703198180115,0.3225806451612903,0.6213592233009708,0.01583391209214923
SHP10018,2026-01-24,Bengaluru,Mysuru,Sea,Delhivery,757.3,28.74,36,7,10.2,4265.81,Delayed,0.4945492428470439,0.5737990097684998,0.45161290322580644,0.9417475728155339,0.27593486001779255
SHP10019,2026-01-03,Mysuru,Pune,Sea,Dhl,1436.55,27.22,29,4,10.8,9473.32,Delayed,1.0,0.5412551853338685,0.22580645161290322,1.0,0.7597704166366641
SHP10020,2026-01-22,Mumbai,Bengaluru,Rail,Bluedart,585.6,12.67,44,5,6.8,3808.73,Delayed,0.3667820069204153,0.22973370801552254,0.7096774193548387,0.6116504854368932,0.2334670479119389
SHP10021,2026-02-22,Hyderabad,Pune,Air,Dtdc,1036.9,16.46,39,3,6.5,12058.904999999999,Delayed,0.7026081779960562,0.31087916499397833,0.5483870967741935,0.5825242718446602,1.0
SHP10022,2026-01-02,Pune,Bengaluru,Rail,Dtdc,1390.1,32.96,38,7,10.6,8140.18,Delayed,0.9654351304088997,0.6641509433962264,0.5161290322580645,0.9805825242718446,0.6359068937724004
SHP10023,2026-03-29,Mysuru,Hubballi,Rail,Ecom Express,260.4,9.81,34,4,5.4,2044.38,Delayed,0.12479071324924657,0.16849993309246622,0.3870967741935484,0.47572815533980584,0.06953932346772153
SHP10024,2026-04-18,Bengaluru,Hubballi,Road,Delhivery,356.5,30.14,28,2,4.4,4294.99,Delayed,0.1963016705733527,0.6037735849056604,0.1935483870967742,0.3786407766990291,0.2786460063318924
SHP10025,2026-01-30,Hyderabad,Hyderabad,Air,Bluedart,790.6,16.96,42,2,3.6,12058.904999999999,Delayed,0.5193287941362503,0.32158437040010707,0.6451612903225806,0.30097087378640774,1.0
SHP10026,2026-02-07,Chennai,Chennai,Road,Delhivery,595.3,6.81,32,3,5.0,11352.61,Delayed,0.37400007441306693,0.10426870065569381,0.3225806451612903,0.4368932038834951,0.9343773445538991
SHP10027,2026-01-02,Bengaluru,Hyderabad,Rail,Bluedart,833.0,28.4,31,1,5.8,5529.48,Delayed,0.5508799345165011,0.5665194700923323,0.2903225806451613,0.5145631067961165,0.3933438477744304
SHP10028,2026-03-05,Mysuru,Chennai,Air,Ecom Express,304.0,22.82,42,1,2.0,6565.0,Delayed,0.157234810432712,0.4470493777599357,0.6451612903225806,0.14563106796116504,0.48955516481270284
SHP10029,2026-03-01,Mangaluru,Hyderabad,Rail,Ecom Express,373.8,18.36,34,7,8.0,3006.32,Delayed,0.2091751311530305,0.3515589455372674,0.3870967741935484,0.7281553398058251,0.15891424071876042
SHP10030,2026-01-21,Hubballi,Mysuru,Road,Dtdc,1023.4,27.77,31,7,6.8,8383.49,On Time,0.6925624139598914,0.5530309112806101,0.2903225806451613,0.6116504854368932,0.6585130969829439
SHP10031,2026-02-02,Pune,Hubballi,Road,Delhivery,368.2,20.38,35,7,5.6,3872.26,On Time,0.20500799940469547,0.3948079753780275,0.41935483870967744,0.4951456310679611,0.23936969100086178
SHP10032,2026-03-17,Mumbai,Bengaluru,Road,Dtdc,398.6,14.13,35,1,2.3,3844.33,Delayed,0.22762957175279983,0.26099290780141843,0.41935483870967744,0.17475728155339804,0.2367746835795865
SHP10033,2026-02-27,Mysuru,Chennai,Road,Delhivery,250.8,22.34,39,2,3.7,3010.55,Delayed,0.11764705882352944,0.43677238057005213,0.5483870967741935,0.3106796116504854,0.1593072547320792
SHP10034,2026-01-22,Hyderabad,Pune,Road,Dtdc,273.9,35.28,27,1,4.6,3488.85,Delayed,0.13483647728541132,0.7138230964806638,0.16129032258064516,0.3980582524271844,0.20374664068252507
SHP10035,2026-04-18,Pune,Chennai,Rail,Dhl,1068.9,48.64625,36,5,10.2,7525.49,Delayed,0.7264203594151134,1.0,0.45161290322580644,0.9417475728155339,0.578795360948065
SHP10036,2026-03-30,Pune,Bengaluru,Road,Dhl,354.3,32.76,41,4,5.5,4039.36,Delayed,0.19466458310079254,0.6598688612337748,0.6129032258064516,0.48543689320388345,0.25489513819366866
SHP10037,2026-02-18,Pune,Hyderabad,Rail,Dhl,308.1,42.97,34,7,7.9,3361.81,Delayed,0.16028574617702873,0.8784691556269235,0.3870967741935484,0.7184466019417476,0.19194321272696446
SHP10038,2026-04-01,Bengaluru,Chennai,Road,Dhl,606.0,16.96,42,2,2.8,5070.07,Delayed,0.38196227257506415,0.32158437040010707,0.6451612903225806,0.22330097087378636,0.3506595527723515
SHP10039,2026-02-28,Hubballi,Mumbai,Rail,Bluedart,511.0,48.64625,35,3,5.2,4674.43,Delayed,0.3112698589872382,1.0,0.41935483870967744,0.45631067961165045,0.3139001995266179
SHP10040,2026-02-11,Bengaluru,Mysuru,Road,Dhl,808.6,11.76,36,3,4.8,6619.53,Delayed,0.53272314618447,0.21025023417636823,0.45161290322580644,0.4174757281553398,0.49462160787328785
SHP10041,2026-04-02,Hyderabad,Hubballi,Road,Ecom Express,411.1,23.09,41,4,4.5,4335.26,Delayed,0.23693120511961904,0.45283018867924524,0.6129032258064516,0.3883495145631068,0.28238753690313323
SHP10042,2026-03-01,Bengaluru,Bengaluru,Road,Ecom Express,554.7,20.42,32,2,4.1,4792.56,Delayed,0.34378836923763817,0.3956643918105178,0.3225806451612903,0.3495145631067961,0.32487578945412404
SHP10043,2026-03-21,Mangaluru,Hubballi,Rail,Bluedart,257.6,5.7,51,1,3.6,1684.97,Delayed,0.1227071473750791,0.08050314465408805,0.9354838709677419,0.30097087378640774,0.03614613989161919
SHP10044,2026-01-15,Hubballi,Mumbai,Road,Dhl,616.2,33.24,45,1,2.1,5847.02,Delayed,0.38955240540238867,0.6701458584236585,0.7419354838709677,0.1553398058252427,0.4228468429964764
SHP10045,2026-03-03,Hubballi,Chennai,Sea,Dhl,348.3,14.1,28,5,8.8,2177.5,Delayed,0.19019979908471932,0.2603505954770507,0.1935483870967742,0.8058252427184466,0.08190765099798152
SHP10046,2026-03-03,Hyderabad,Chennai,Road,Dhl,848.5,9.07,28,5,5.7,6844.36,Delayed,0.5624139598913569,0.1526562290913957,0.1935483870967742,0.5048543689320388,0.5155108136923109
SHP10047,2026-02-16,Mumbai,Pune,Road,Dtdc,673.2,21.85,46,1,4.2,5952.75,Delayed,0.4319678535550843,0.426281279272046,0.7741935483870968,0.3592233009708738,0.4326703351071614
SHP10048,2026-03-03,Mangaluru,Mumbai,Sea,Delhivery,534.2,11.8,38,3,9.4,2770.18,Delayed,0.3285336905160547,0.21110665060885855,0.5161290322580645,0.8640776699029126,0.13697421019745934
SHP10049,2026-02-20,Mysuru,Bengaluru,Road,Dtdc,563.0,32.02,22,7,6.2,5668.34,On Time,0.3499646537932061,0.6440251572327044,0.0,0.5533980582524272,0.4062454851005415
SHP10050,2026-04-18,Bengaluru,Pune,Road,Delhivery,944.5,13.13,38,3,3.5,7329.88,Delayed,0.6338505041485285,0.23958249698916098,0.5161290322580645,0.2912621359223301,0.5606210178877123
SHP10051,2026-02-24,Chennai,Mysuru,Rail,Dhl,316.8,16.25,34,5,6.1,2403.23,Delayed,0.1667596830003349,0.30638297872340425,0.3870967741935484,0.5436893203883495,0.10288047681983839
SHP10052,2026-04-26,Bengaluru,Pune,Rail,Dhl,195.0,40.72,34,4,6.5,2585.57,Delayed,0.07612456747404844,0.8302957312993443,0.3870967741935484,0.5825242718446602,0.11982188939396406
SHP10053,2026-03-05,Pune,Mangaluru,Air,Dtdc,410.0,11.89,32,1,4.1,7867.15,Delayed,0.23611266138333895,0.21303358758196173,0.3225806451612903,0.3495145631067961,0.6105393722460565
SHP10054,2026-01-03,Bengaluru,Bengaluru,Road,Dtdc,137.2,16.79,39,5,3.8,1876.31,On Time,0.03311381478587639,0.3179446005620232,0.5483870967741935,0.3203883495145631,0.05392375249408272
SHP10055,2026-04-11,Mysuru,Mangaluru,Road,Delhivery,624.7,35.45,39,5,6.6,6239.5,Delayed,0.39587751609182575,0.7174628663187476,0.5483870967741935,0.5922330097087378,0.45931259712114914
SHP10056,2026-02-20,Bengaluru,Mumbai,Rail,Ecom Express,961.0,21.27,44,7,8.6,6046.52,Delayed,0.6461286601927299,0.41386324100093663,0.7096774193548387,0.7864077669902911,0.44138261029129966
SHP10057,2026-01-07,Mangaluru,Hyderabad,Sea,Delhivery,1436.55,8.18,37,1,9.1,7017.17,Delayed,1.0,0.13360096346848654,0.4838709677419355,0.8349514563106796,0.531566783347541
SHP10058,2026-01-21,Mangaluru,Mangaluru,Rail,Dtdc,1361.4,5.44,41,7,10.8,7454.77,Delayed,0.944078580198683,0.07493643784290112,0.6129032258064516,1.0,0.5722246869476145
SHP10059,2026-03-14,Hubballi,Mysuru,Road,Dtdc,432.6,11.2,30,1,2.1,3767.37,Delayed,0.2529300145105481,0.19826040412150406,0.25806451612903225,0.1553398058252427,0.22962424422615493
SHP10060,2026-02-08,Hyderabad,Pune,Rail,Bluedart,603.5,23.82,33,7,8.4,4187.62,Delayed,0.3801019459017004,0.46845978857219317,0.3548387096774194,0.7669902912621359,0.2686701399938214
SHP10061,2026-01-18,Mumbai,Hyderabad,Air,Dtdc,325.3,42.42,32,3,3.7,7435.97,Delayed,0.17308479368977195,0.866693429680182,0.3225806451612903,0.3106796116504854,0.5704779579995308
SHP10062,2026-01-04,Chennai,Pune,Road,Bluedart,855.1,34.67,40,4,7.1,7808.18,Delayed,0.5673252223090375,0.7007627458851867,0.5806451612903226,0.6407766990291262,0.6050604038381582
SHP10063,2026-03-30,Pune,Mangaluru,Road,Ecom Express,986.3,9.49,39,4,6.6,7917.46,Delayed,0.6649551661271719,0.16164860163254383,0.5483870967741935,0.5922330097087378,0.6152137304044654
SHP10064,2026-03-01,Bengaluru,Pune,Road,Delhivery,132.6,14.43,52,1,3.0,1608.7,Delayed,0.029690813706886924,0.26741603104509565,0.967741935483871,0.24271844660194172,0.02905980920702687
SHP10065,2026-01-14,Bengaluru,Mumbai,Road,Delhivery,1436.55,41.35,29,2,6.9,12058.904999999999,Delayed,1.0,0.8437842901110665,0.22580645161290322,0.6213592233009708,1.0
SHP10066,2026-04-24,Mysuru,Hyderabad,Road,Bluedart,575.1,4.2,34,5,6.2,4798.0,Delayed,0.35896863489228714,0.04838752843570186,0.3870967741935484,0.5533980582524272,0.3253812259156971
SHP10067,2026-01-09,Hyderabad,Mumbai,Road,Delhivery,573.3,19.06,40,5,5.7,5316.67,Delayed,0.3576291996874651,0.3665462331058476,0.5806451612903226,0.5048543689320388,0.37357143354880973
SHP10068,2026-03-31,Mangaluru,Mangaluru,Road,Dtdc,878.8,9.41,27,1,5.1,7325.34,Delayed,0.5849611191725267,0.1599357687675632,0.16129032258064516,0.44660194174757273,0.560199201428973
SHP10069,2026-02-22,Chennai,Mumbai,Road,Dhl,533.8,43.65,27,7,6.7,5332.84,On Time,0.3282360382483164,0.8930282349792587,0.16129032258064516,0.6019417475728155,0.37507380626639014
SHP10070,2026-01-02,Hubballi,Mysuru,Sea,Bluedart,548.3,39.83,44,2,7.3,3502.83,Delayed,0.3390259329538267,0.8112404656764352,0.7096774193548387,0.6601941747572815,0.20504553805987658
SHP10071,2026-03-25,Mangaluru,Mangaluru,Air,Delhivery,184.5,21.19,29,3,2.9,4137.96,On Time,0.0683111954459203,0.41215040813595605,0.22580645161290322,0.23300970873786406,0.26405617405968146
SHP10072,2026-04-02,Pune,Mangaluru,Road,Bluedart,311.0,12.89,42,7,7.4,3008.0,Delayed,0.16244372511813077,0.2344439983942192,0.6451612903225806,0.6699029126213593,0.1590703313907168
SHP10073,2026-04-21,Hyderabad,Mangaluru,Sea,Bluedart,762.3,48.64625,44,7,10.2,4803.24,Delayed,0.4982698961937716,1.0,0.7096774193548387,0.9417475728155339,0.32586808015441826
SHP10074,2026-03-01,Pune,Bengaluru,Rail,Dhl,680.7,10.37,39,1,3.5,4457.72,Delayed,0.4375488335751758,0.18048976314733037,0.5483870967741935,0.2912621359223301,0.2937654319553841
SHP10075,2026-03-12,Mumbai,Pune,Road,Dtdc,1054.5,23.32,40,1,6.1,8681.69,Delayed,0.7157048777765376,0.45775458316606443,0.5806451612903226,0.5436893203883495,0.686219191255206
SHP10076,2026-02-13,Hubballi,Bengaluru,Road,Bluedart,870.4,17.23,38,5,5.9,7141.75,Delayed,0.5787104215500242,0.32736518131941655,0.5161290322580645,0.5242718446601942,0.5431416499620226
SHP10077,2026-01-08,Mumbai,Bengaluru,Road,Delhivery,890.2,37.15,34,1,4.0,4635.030000000001,Delayed,0.5934442088030658,0.7538605646995851,0.3870967741935484,0.3398058252427184,0.3102395016247832
SHP10078,2026-02-16,Mysuru,Mysuru,Road,Ecom Express,395.8,4.36,36,1,2.8,3271.51,Delayed,0.22554600587863233,0.05181319416566306,0.45161290322580644,0.22330097087378636,0.18355333910930766
SHP10079,2026-02-04,Pune,Hyderabad,Rail,Bluedart,403.4,25.07,41,1,5.6,3625.76,Delayed,0.2312013989656584,0.495222802087515,0.6129032258064516,0.4951456310679611,0.21646710133582958
SHP10080,2026-03-19,Mysuru,Pune,Rail,Bluedart,894.7,29.25,35,5,5.9,5632.06,Delayed,0.5967927968151208,0.5847183192827512,0.41935483870967744,0.5242718446601942,0.4028746698751972
SHP10081,2026-03-22,Bengaluru,Mumbai,Road,Dhl,430.0,40.8,28,3,7.3,4721.65,Delayed,0.2509952747702497,0.8320085641643248,0.1935483870967742,0.6601941747572815,0.318287462341964
SHP10082,2026-02-05,Mumbai,Chennai,Sea,Dtdc,682.7,12.69,38,3,8.8,3763.83,Delayed,0.4390370949138669,0.23016191623176768,0.5161290322580645,0.8058252427184466,0.22929533888167536
SHP10083,2026-02-19,Hyderabad,Mangaluru,Air,Ecom Express,580.6,11.53,31,1,3.0,11224.86,Delayed,0.3630613535736876,0.205325839689549,0.2903225806451613,0.24271844660194172,0.922507949707214
SHP10084,2026-04-14,Pune,Mumbai,Road,Delhivery,296.5,10.1,39,5,5.2,2833.39,Delayed,0.15165383041262048,0.17470895222802085,0.5483870967741935,0.45631067961165045,0.14284712172981912
SHP10085,2026-01-04,Chennai,Mangaluru,Sea,Ecom Express,511.3,10.8,30,3,7.7,2631.0,Delayed,0.3114930981880419,0.1896962397966011,0.25806451612903225,0.6990291262135923,0.12404284131478518
SHP10086,2026-01-02,Hubballi,Mysuru,Sea,Delhivery,233.6,43.63,29,7,9.4,2526.85,Delayed,0.10484801131078617,0.8926000267630135,0.22580645161290322,0.8640776699029126,0.1143661487646306
SHP10087,2026-01-06,Mangaluru,Mangaluru,Sea,Dtdc,332.3,26.06,34,3,7.6,2689.53,Delayed,0.1782937083751907,0.5164191087916499,0.3870967741935484,0.6893203883495145,0.12948092883240928
SHP10088,2026-02-23,Hyderabad,Bengaluru,Road,Delhivery,1181.4,4.61,44,3,6.9,8687.02,Delayed,0.8101350597164862,0.05716579686872742,0.7096774193548387,0.6213592233009708,0.6867144074942105
SHP10089,2026-04-16,Hyderabad,Pune,Air,Dhl,283.8,22.14,40,5,4.3,6454.34,On Time,0.14220337091193216,0.4324902984076006,0.5806451612903226,0.3689320388349514,0.4792736209087172
SHP10090,2026-01-04,Mysuru,Chennai,Road,Dhl,467.6,7.05,31,7,6.6,3757.81,On Time,0.2789745879376419,0.1094071992506356,0.2903225806451613,0.5922330097087378,0.22873601397383161
SHP10091,2026-02-23,Mumbai,Hubballi,Rail,Dhl,867.0,16.96,23,5,7.6,5385.28,Delayed,0.5761803772742493,0.32158437040010707,0.03225806451612903,0.6893203883495145,0.3799460650981722
SHP10092,2026-04-03,Pune,Mangaluru,Sea,Dhl,706.7,16.64,38,1,6.6,3524.12,Delayed,0.4568962309781598,0.3147330389401847,0.5161290322580645,0.5922330097087378,0.20702361568246697
SHP10093,2026-03-04,Pune,Mumbai,Rail,Ecom Express,339.5,17.29,38,4,6.9,2805.46,Delayed,0.18365144919447857,0.32864980596815196,0.5161290322580645,0.6213592233009708,0.1402521143085439
SHP10094,2026-01-18,Bengaluru,Bengaluru,Air,Dtdc,529.0,9.36,39,3,4.3,9946.42,Delayed,0.32466421103545784,0.15886524822695033,0.5483870967741935,0.3689320388349514,0.8037266647929593
SHP10095,2026-03-31,Bengaluru,Hubballi,Sea,Delhivery,383.2,21.87,42,4,5.0,2601.71,Delayed,0.21616995944487855,0.42670948748829113,0.6451612903225806,0.4368932038834951,0.12132147477811665
SHP10096,2026-02-13,Hubballi,Chennai,Air,Delhivery,628.4,26.58,34,5,5.7,12058.904999999999,Delayed,0.3986307995684042,0.5275525224140237,0.3870967741935484,0.5048543689320388,1.0
SHP10097,2026-02-03,Mysuru,Hubballi,Road,Dhl,850.8,6.18,40,5,6.9,6503.43,Delayed,0.5641254604308517,0.09078014184397162,0.5806451612903226,0.6213592233009708,0.4838346275077291
SHP10098,2026-03-15,Hyderabad,Bengaluru,Road,Dhl,307.9,18.03,34,5,5.3,3205.87,Delayed,0.16013692004315958,0.3444935099692225,0.3870967741935484,0.4660194174757281,0.1774546535692966
SHP10099,2026-03-03,Pune,Pune,Road,Bluedart,1436.55,17.83,42,4,8.4,12058.904999999999,Delayed,1.0,0.340211427806771,0.6451612903225806,0.7669902912621359,1.0
SHP10100,2026-04-10,Chennai,Pune,Sea,Dtdc,469.4,23.76,40,5,9.4,2975.66,Delayed,0.28031402314246384,0.46717516392345776,0.5806451612903226,0.8640776699029126,0.15606558595555597
SHP10101,2026-01-14,Mysuru,Hyderabad,Road,Ecom Express,417.1,17.53,29,1,4.2,3947.41,Delayed,0.24139598913569227,0.33378830456309383,0.22580645161290322,0.3592233009708738,0.24635196123748312
SHP10102,2026-04-05,Hubballi,Pune,Road,Delhivery,1097.2,3.46,36,5,6.6,8331.25,Delayed,0.747479257357592,0.03254382443463134,0.45161290322580644,0.5922330097087378,0.6536594203740137
SHP10103,2026-02-17,Hubballi,Hyderabad,Road,Bluedart,466.9,16.96,41,2,4.4,4705.9,Delayed,0.2784536964691,0.32158437040010707,0.6129032258064516,0.3786407766990291,0.3168241122923727
SHP10104,2026-01-15,Mysuru,Hubballi,Rail,Bluedart,979.6,26.53,49,4,6.6,6611.54,Delayed,0.6599694906425568,0.5264820018734109,0.8709677419354839,0.5922330097087378,0.49387924807035233
SHP10105,2026-03-13,Hubballi,Mysuru,Sea,Delhivery,707.2,11.99,29,2,6.1,3438.72,Delayed,0.45726829631283256,0.21517462866318748,0.22580645161290322,0.5436893203883495,0.19908900652468303
SHP10106,2026-03-19,Mysuru,Mumbai,Sea,Ecom Express,570.1,13.25,37,5,8.1,3116.94,Delayed,0.3552479815455595,0.24215174628663186,0.4838709677419355,0.7378640776699028,0.16919206817817567
SHP10107,2026-03-28,Mangaluru,Mumbai,Road,Bluedart,515.5,11.04,41,1,4.4,4237.93,Delayed,0.3146184469992931,0.19483473839154286,0.6129032258064516,0.3786407766990291,0.2733444981522303
SHP10108,2026-03-03,Mysuru,Hubballi,Sea,Bluedart,270.5,28.11,43,3,7.7,2092.82,Delayed,0.13230643300963651,0.5603104509567777,0.6774193548387096,0.6990291262135923,0.07403993784246458
SHP10109,2026-02-09,Mumbai,Mangaluru,Rail,Dtdc,618.3,14.47,34,7,8.7,4155.35,Delayed,0.39111507980801424,0.268272447477586,0.3870967741935484,0.7961165048543688,0.26567189833665883
SHP10110,2026-03-26,Mysuru,Mangaluru,Road,Ecom Express,452.2,12.71,36,7,7.4,4328.86,Delayed,0.2675149756297206,0.23059012444801286,0.45161290322580644,0.6699029126213593,0.28179290577187066
SHP10111,2026-03-21,Hubballi,Pune,Rail,Bluedart,648.7,28.88,48,5,7.6,4695.89,Delayed,0.41373665215611866,0.5767964672822159,0.8387096774193549,0.6893203883495145,0.3158940720386325
SHP10112,2026-04-19,Pune,Mumbai,Road,Ecom Express,283.0,31.63,38,1,2.5,3316.89,Delayed,0.14160806637645573,0.6356750970159238,0.5161290322580645,0.1941747572815534,0.18776964547441577
SHP10113,2026-03-23,Mumbai,Mumbai,Road,Delhivery,283.5,4.98,41,4,5.1,2630.51,Delayed,0.1419801317111285,0.06508764886926269,0.6129032258064516,0.44660194174757273,0.12399731486879792
SHP10114,2026-04-21,Hubballi,Hyderabad,Rail,Dhl,173.8,27.68,24,2,5.1,1903.73,Delayed,0.06034899728392307,0.5511039743075069,0.06451612903225806,0.44660194174757273,0.056471375247085495
SHP10115,2026-02-22,Bengaluru,Mysuru,Road,Bluedart,331.8,2.59,28,2,4.4,3020.29,Delayed,0.17792164304051794,0.013916767027967345,0.1935483870967742,0.3786407766990291,0.16021220898496932
SHP10116,2026-01-24,Bengaluru,Bengaluru,Road,Dtdc,508.1,12.86,46,2,5.2,4627.22,Delayed,0.30911188004613616,0.23380168606985144,0.7741935483870968,0.45631067961165045,0.30951386582241436
SHP10117,2026-01-26,Pune,Mangaluru,Road,Delhivery,445.1,15.56,22,4,5.8,4009.02,Delayed,0.2622316478773673,0.2916097952629466,0.0,0.5145631067961165,0.2520762149870273
SHP10118,2026-03-30,Pune,Mumbai,Road,Ecom Express,361.2,34.54,32,7,6.9,3933.15,On Time,0.1997990847192767,0.6979793924795932,0.3225806451612903,0.6213592233009708,0.24502704874813894
SHP10119,2026-03-01,Mumbai,Hyderabad,Road,Delhivery,752.7,24.93,34,1,5.2,6615.34,Delayed,0.49112624176805453,0.4922253445737989,0.3870967741935484,0.45631067961165045,0.49423231030453946
SHP10120,2026-04-19,Mangaluru,Chennai,Rail,Bluedart,892.4,4.26,43,4,7.2,5131.15,Delayed,0.595081296275626,0.0496721530844373,0.6774193548387096,0.6504854368932038,0.356334563631338
SHP10121,2026-02-10,Pune,Hyderabad,Air,Ecom Express,1015.2,17.88,29,2,3.6,12058.904999999999,Delayed,0.686460542471258,0.3412819483473839,0.22580645161290322,0.30097087378640774,1.0
SHP10122,2026-01-29,Bengaluru,Mangaluru,Air,Dhl,762.4,41.65,37,5,5.3,12058.904999999999,Delayed,0.49834430926070616,0.8502074133547437,0.4838709677419355,0.4660194174757281,1.0
SHP10123,2026-01-15,Mysuru,Mangaluru,Air,Delhivery,1048.5,19.78,33,3,4.4,12058.904999999999,Delayed,0.7112400937604644,0.38196172889067304,0.3548387096774194,0.3786407766990291,1.0
SHP10124,2026-02-14,Hubballi,Hyderabad,Air,Bluedart,900.3,13.17,26,4,4.6,12058.904999999999,Delayed,0.6009599285634557,0.24043891342165127,0.12903225806451613,0.3980582524271844,1.0
SHP10125,2026-03-06,Bengaluru,Bengaluru,Rail,Dtdc,561.1,34.41,40,4,6.3,4214.64,Delayed,0.3485508055214496,0.6951960390739996,0.5806451612903226,0.5631067961165048,0.2711805983011203
SHP10126,2026-03-30,Bengaluru,Hubballi,Road,Ecom Express,389.4,17.39,34,1,2.6,3874.55,Delayed,0.22078356959482084,0.3307908470493778,0.3870967741935484,0.20388349514563106,0.23958245745251663
SHP10127,2026-03-12,Mangaluru,Mangaluru,Road,Delhivery,154.4,20.48,41,1,2.5,2102.5,Delayed,0.04591286229861964,0.39694901645925323,0.6129032258064516,0.1941747572815534,0.07493931742849909
SHP10128,2026-01-09,Mumbai,Hyderabad,Road,Delhivery,452.4,5.27,29,4,3.4,3737.95,On Time,0.26766380176358967,0.07129666800481733,0.22580645161290322,0.2815533980582524,0.22689079924463262
SHP10129,2026-03-29,Mumbai,Mumbai,Road,Dhl,475.5,14.92,30,2,4.3,4529.19,Delayed,0.2848532202254716,0.2779071323431018,0.25806451612903225,0.3689320388349514,0.3004057892915295
SHP10130,2026-01-01,Hyderabad,Hyderabad,Road,Dhl,486.1,48.64625,53,3,4.7,5644.37,Delayed,0.2927410053205343,1.0,1.0,0.4077669902912621,0.40401840569173486
SHP10131,2026-04-18,Mangaluru,Mysuru,Road,Dtdc,560.6,19.18,34,1,4.2,8434.64,Delayed,0.34817874018677686,0.36911548240331854,0.3870967741935484,0.3592233009708738,0.6632655004773309
SHP10132,2026-01-08,Mysuru,Hubballi,Air,Dtdc,92.7,8.58,39,2,2.7,2022.86,Delayed,0.0,0.14216512779338952,0.5483870967741935,0.21359223300970875,0.06753987628885136
SHP10133,2026-03-29,Mumbai,Chennai,Sea,Bluedart,847.0,17.79,34,5,10.2,4348.07,Delayed,0.5612977638873387,0.3393550113742807,0.3870967741935484,0.9417475728155339,0.2835777282768008
SHP10134,2026-03-04,Hubballi,Bengaluru,Rail,Bluedart,148.2,7.09,42,1,2.3,1295.93,Delayed,0.0412992521486773,0.11026361568312591,0.6451612903225806,0.17475728155339804,0.0
SHP10135,2026-01-11,Pune,Pune,Road,Dtdc,104.3,16.63,38,2,2.5,1808.91,Delayed,0.008631915764408226,0.31451893483206206,0.5161290322580645,0.1941747572815534,0.047661543392974536
SHP10136,2026-04-25,Mangaluru,Chennai,Road,Dtdc,1021.6,10.44,43,2,4.8,7743.22,Delayed,0.6912229787550694,0.1819884919041884,0.6774193548387096,0.4174757281553398,0.5990248978558438
SHP10137,2026-03-22,Pune,Hubballi,Sea,Ecom Express,583.4,8.13,29,3,6.8,3055.23,Delayed,0.36514491944785504,0.1325304429278737,0.22580645161290322,0.6116504854368932,0.16345852331720553
SHP10138,2026-01-08,Bengaluru,Hubballi,Sea,Dhl,1064.8,14.42,31,3,9.6,4681.99,Delayed,0.7233694236707966,0.2672019269369731,0.2903225806451613,0.8834951456310679,0.3146026075504217
SHP10139,2026-02-04,Hubballi,Hubballi,Road,Bluedart,778.0,26.44,43,5,6.3,6923.46,Delayed,0.5099527477024965,0.5245550649003077,0.6774193548387096,0.5631067961165048,0.5228600828302584
SHP10140,2026-02-04,Hubballi,Chennai,Rail,Dhl,609.3,21.78,41,2,5.2,4230.77,Delayed,0.3844179037839044,0.424782550515188,0.6129032258064516,0.45631067961165045,0.27267925457413034
SHP10141,2026-02-02,Bengaluru,Mumbai,Road,Dhl,524.2,2.31,41,7,5.2,4117.21,On Time,0.3210923838225993,0.007921852000535261,0.6129032258064516,0.45631067961165045,0.26212826843879133
SHP10142,2026-01-05,Mangaluru,Hubballi,Road,Dtdc,744.1,18.81,42,2,5.3,6260.93,Delayed,0.4847267180116829,0.36119363040278324,0.6451612903225806,0.4660194174757281,0.46130368229973595
SHP10143,2026-04-16,Bengaluru,Hyderabad,Road,Ecom Express,481.2,48.64625,33,3,3.5,5620.46,Delayed,0.28909476504074116,1.0,0.3548387096774194,0.2912621359223301,0.4017969009497839
SHP10144,2026-04-13,Pune,Chennai,Road,Delhivery,522.9,7.09,37,7,7.0,4432.46,On Time,0.3201250139524501,0.11026361568312591,0.4838709677419355,0.6310679611650485,0.29141849720918245
SHP10145,2026-02-10,Hyderabad,Pune,Sea,Ecom Express,384.6,21.78,41,1,6.3,2626.51,Delayed,0.2172117423819623,0.424782550515188,0.6129032258064516,0.5631067961165048,0.12362567041175886
SHP10146,2026-01-28,Hubballi,Hubballi,Rail,Ecom Express,329.9,19.67,28,1,5.4,3072.0,Delayed,0.1765077947687614,0.3796065837013247,0.1935483870967742,0.47572815533980584,0.1650166427033418
SHP10147,2026-01-07,Chennai,Hyderabad,Road,Dhl,473.4,39.26,29,4,4.0,4676.2,On Time,0.283290545819846,0.7990365315134483,0.22580645161290322,0.3398058252427184,0.31406465219885765
SHP10148,2026-03-14,Chennai,Mumbai,Air,Ecom Express,164.4,24.86,49,3,0.5,4396.38,On Time,0.05335416899207501,0.4907266158169409,0.8709677419354839,0.0,0.28806626420669007
SHP10149,2026-03-13,Pune,Mysuru,Sea,Bluedart,447.2,21.51,41,4,8.0,2770.42,Delayed,0.26379432228299293,0.41900173959587844,0.6129032258064516,0.7281553398058251,0.1369965088648817
SHP10150,2026-01-12,Mysuru,Mumbai,Sea,Dhl,197.7,10.55,37,7,10.5,1334.88,Delayed,0.07813372028128139,0.18434363709353674,0.4838709677419355,0.9708737864077669,0.0036188879004178725
SHP10151,2026-02-03,Mumbai,Pune,Road,Bluedart,742.5,21.17,33,3,6.4,6149.3,Delayed,0.48353610894073,0.41172219991971093,0.3548387096774194,0.5728155339805825,0.45093201461491833
SHP10152,2026-02-02,Bengaluru,Hubballi,Road,Delhivery,461.5,22.13,34,5,5.9,4358.4,Delayed,0.2744353908546341,0.43227619429947806,0.3870967741935484,0.5242718446601942,0.28453750008710416
SHP10153,2026-02-17,Bengaluru,Pune,Road,Dhl,314.4,12.33,34,2,3.2,3224.82,Delayed,0.16497376939390557,0.222454168339355,0.3870967741935484,0.2621359223300971,0.1792153191845192
SHP10154,2026-04-29,Mysuru,Chennai,Road,Delhivery,363.5,10.71,34,5,6.2,3344.12,Delayed,0.20151058525877147,0.18776930282349794,0.3870967741935484,0.5533980582524272,0.19029961511570917
SHP10155,2026-01-23,Mysuru,Mangaluru,Road,Dhl,806.4,7.85,35,7,6.8,6747.89,On Time,0.5310860587119098,0.1265355279004416,0.41935483870967744,0.6116504854368932,0.5065476784996714
SHP10156,2026-03-03,Pune,Hubballi,Rail,Dtdc,605.2,5.62,30,3,6.4,3493.19,Delayed,0.38136696803958775,0.07879031178910745,0.25806451612903225,0.5728155339805825,0.20414987491841247
SHP10157,2026-03-29,Pune,Mangaluru,Road,Ecom Express,857.7,25.76,33,7,8.2,7344.54,Delayed,0.5692599620493359,0.5099959855479727,0.3548387096774194,0.7475728155339805,0.5619830948227604
SHP10158,2026-02-06,Mysuru,Hyderabad,Road,Dtdc,502.0,11.67,32,2,5.1,4165.73,Delayed,0.30457268296312834,0.2083232972032651,0.3225806451612903,0.44660194174757273,0.2666363157026751
SHP10159,2026-04-09,Hubballi,Mysuru,Road,Delhivery,546.1,9.58,38,1,6.2,4715.61,Delayed,0.3373888454812666,0.163575538605647,0.5161290322580645,0.5533980582524272,0.317726279211835
SHP10160,2026-02-13,Pune,Bengaluru,Road,Ecom Express,735.6,3.41,45,1,4.5,6001.44,Delayed,0.4784016073222458,0.031473303894018465,0.7419354838709677,0.3883495145631068,0.43719417726046933
SHP10161,2026-04-14,Hyderabad,Pune,Road,Dhl,396.6,3.08,35,7,6.2,3316.02,On Time,0.22614131041410876,0.024407868325973504,0.41935483870967744,0.5533980582524272,0.1876888128050098
SHP10162,2026-03-27,Pune,Mumbai,Road,Ecom Express,417.8,30.47,29,4,5.0,3842.56,Delayed,0.24191688060423414,0.6108390204737052,0.22580645161290322,0.4368932038834951,0.23661023090734676
SHP10163,2026-04-01,Bengaluru,Mysuru,Road,Bluedart,500.1,10.94,34,3,3.1,4392.85,Delayed,0.30315883469137184,0.19269369731031713,0.3870967741935484,0.2524271844660194,0.28773828797335316
SHP10164,2026-02-04,Pune,Hubballi,Road,Ecom Express,697.9,17.86,29,3,4.6,6053.57,Delayed,0.450347881087919,0.3408537401311387,0.22580645161290322,0.3980582524271844,0.4420376336468309
SHP10165,2026-03-06,Hubballi,Mangaluru,Road,Bluedart,973.5,18.86,38,1,4.4,8060.05,Delayed,0.6554302935595491,0.36226415094339615,0.5161290322580645,0.3786407766990291,0.6284619261867653
SHP10166,2026-04-09,Mysuru,Mumbai,Rail,Ecom Express,740.6,4.26,34,5,6.9,4642.84,Delayed,0.4821222606689735,0.0496721530844373,0.3870967741935484,0.6213592233009708,0.3109651374271519
SHP10167,2026-04-11,Bengaluru,Mangaluru,Road,Bluedart,1436.55,40.74,42,2,7.2,12058.904999999999,Delayed,1.0,0.8307239395155894,0.6451612903225806,0.6504854368932038,1.0
SHP10168,2026-02-16,Pune,Chennai,Road,Delhivery,581.6,7.31,43,5,5.3,4964.64,Delayed,0.3638054842430331,0.11497390606182253,0.6774193548387096,0.4660194174757281,0.3408639339959445
SHP10169,2026-03-19,Hubballi,Mangaluru,Road,Dtdc,529.1,48.64625,40,5,6.9,5934.65,Delayed,0.3247386241023924,1.0,0.5806451612903226,0.6213592233009708,0.4309886439390596
SHP10170,2026-01-03,Hyderabad,Chennai,Sea,Dhl,1059.8,18.18,28,7,10.8,4666.13,Delayed,0.7196487703240689,0.34770507159106107,0.1935483870967742,1.0,0.31312903727826186
SHP10171,2026-01-01,Pune,Hyderabad,Road,Ecom Express,760.3,48.64625,28,1,4.2,6269.26,Delayed,0.49678163485508053,1.0,0.1935483870967742,0.3592233009708738,0.4620776318815198
SHP10172,2026-01-05,Hubballi,Mumbai,Rail,Dtdc,491.9,6.88,27,1,4.3,3109.77,Delayed,0.2970569632027384,0.10576742941255184,0.16129032258064516,0.3689320388349514,0.16852589548893315
SHP10173,2026-03-31,Hyderabad,Mumbai,Sea,Dhl,942.7,25.46,42,1,7.5,4730.47,Delayed,0.6325110689437066,0.5035728623042954,0.6451612903225806,0.6796116504854368,0.3191069383697352
SHP10174,2026-04-29,Mysuru,Bengaluru,Road,Dhl,373.3,14.42,34,7,7.3,3604.1,Delayed,0.20880306581835772,0.2672019269369731,0.3870967741935484,0.6601941747572815,0.21445464660096306
SHP10175,2026-01-14,Pune,Hubballi,Sea,Bluedart,521.0,10.87,33,4,7.2,2646.46,Delayed,0.3187111656806936,0.1911949685534591,0.3548387096774194,0.6504854368932038,0.12547924714124117
SHP10176,2026-04-13,Hyderabad,Chennai,Rail,Delhivery,694.9,3.15,46,5,6.7,4030.05,Delayed,0.4481154890798824,0.025906597082831523,0.7741935483870968,0.6019417475728155,0.2540301357199102
SHP10177,2026-01-27,Bengaluru,Bengaluru,Road,Delhivery,473.4,10.06,45,7,6.6,4146.31,On Time,0.283290545819846,0.1738525357955306,0.7419354838709677,0.5922330097087378,0.26483198186375057
SHP10178,2026-01-09,Mysuru,Mangaluru,Road,Dtdc,464.1,17.17,33,3,3.4,4076.58,Delayed,0.27637013059493254,0.32608055667068114,0.3548387096774194,0.2815533980582524,0.25835328986641704
SHP10179,2026-03-20,Bengaluru,Mangaluru,Air,Delhivery,560.6,20.46,36,2,2.6,10918.23,Delayed,0.34817874018677686,0.3965208082430081,0.45161290322580644,0.20388349514563106,0.894018614741742
SHP10180,2026-01-15,Chennai,Bengaluru,Road,Ecom Express,542.8,4.57,27,4,4.9,4608.41,Delayed,0.3349332142724262,0.05630938043623712,0.16129032258064516,0.4271844660194175,0.30776620776318814
SHP10181,2026-03-31,Mangaluru,Mumbai,Sea,Delhivery,901.1,3.56,40,3,9.2,3767.08,Delayed,0.6015552330989322,0.03468486551585708,0.5806451612903226,0.8446601941747571,0.22959730000301962
SHP10182,2026-02-11,Pune,Mangaluru,Road,Dtdc,708.6,2.19,45,5,6.6,5733.18,Delayed,0.4583100792499163,0.005352602703064364,0.7419354838709677,0.5922330097087378,0.4122698417491447
SHP10183,2026-03-18,Hyderabad,Pune,Air,Delhivery,1400.4,11.11,30,1,5.0,12058.904999999999,Delayed,0.973099676303159,0.1963334671484009,0.25806451612903225,0.4368932038834951,1.0
SHP10184,2026-02-20,Mangaluru,Hyderabad,Road,Ecom Express,932.1,9.12,35,5,7.6,7105.83,Delayed,0.6246232838486439,0.15372674963200855,0.41935483870967744,0.6893203883495145,0.5398042827378119
SHP10185,2026-03-04,Mangaluru,Hyderabad,Air,Bluedart,548.9,26.33,40,7,5.9,10945.48,On Time,0.33947241135543404,0.5221999197109594,0.5806451612903226,0.5242718446601942,0.8965504426053206
SHP10186,2026-04-06,Hyderabad,Pune,Rail,Dtdc,406.0,26.7,43,2,5.3,3523.74,Delayed,0.23313613870595679,0.5301217717114947,0.6774193548387096,0.4660194174757281,0.20698830945904825
SHP10187,2026-04-13,Mysuru,Bengaluru,Road,Bluedart,301.3,9.62,27,7,6.3,2712.11,On Time,0.15522565762547907,0.16443195503813726,0.16129032258064516,0.5631067961165048,0.13157886179239478
SHP10188,2026-04-23,Pune,Pune,Road,Bluedart,629.6,6.08,29,4,5.8,5069.77,Delayed,0.39952375637161885,0.08863910076274589,0.22580645161290322,0.5145631067961165,0.35063167943807366
SHP10189,2026-02-21,Chennai,Chennai,Road,Bluedart,367.7,16.21,26,4,4.4,3634.49,Delayed,0.2046359340700227,0.30552656229091396,0.12903225806451613,0.3786407766990291,0.2172782153633173
SHP10190,2026-04-06,Bengaluru,Chennai,Road,Dhl,517.9,9.65,44,2,2.0,4590.09,On Time,0.31640436060572236,0.16507426736250502,0.7096774193548387,0.14563106796116504,0.3060640761499493
SHP10191,2026-01-04,Hubballi,Bengaluru,Road,Dhl,712.7,6.42,33,3,5.1,12058.904999999999,Delayed,0.46136101499423304,0.09591864043891342,0.3548387096774194,0.44660194174757273,1.0
SHP10192,2026-04-04,Bengaluru,Pune,Rail,Bluedart,387.7,16.6,41,3,6.7,2823.29,Delayed,0.21951854745693344,0.3138766225076944,0.6129032258064516,0.6019417475728155,0.1419087194757955
SHP10193,2026-04-11,Hubballi,Chennai,Road,Dtdc,743.4,4.34,31,4,6.7,6180.03,Delayed,0.484205826543141,0.0513849859494179,0.2903225806451613,0.6019417475728155,0.4537871731561209
SHP10194,2026-01-23,Bengaluru,Mumbai,Air,Ecom Express,1153.8,21.4,39,4,6.8,12058.904999999999,Delayed,0.7895970532425494,0.41664659440653007,0.5483870967741935,0.6116504854368932,1.0
SHP10195,2026-04-13,Hyderabad,Pune,Sea,Ecom Express,638.1,10.85,34,1,7.8,3354.77,Delayed,0.40584886706105594,0.19076676033721396,0.3870967741935484,0.7087378640776698,0.1912891184825757
SHP10196,2026-04-19,Chennai,Mumbai,Rail,Delhivery,460.7,16.22,31,3,5.7,3315.16,Delayed,0.2738400863191577,0.30574066639903646,0.2903225806451613,0.5048543689320388,0.18760890924674636
SHP10197,2026-01-15,Pune,Chennai,Rail,Dtdc,375.5,1.94,28,2,5.0,2311.43,Delayed,0.21044015329091792,0.0,0.1935483870967742,0.4368932038834951,0.0943512365307919
SHP10198,2026-02-12,Hubballi,Hyderabad,Air,Dhl,467.9,38.58,42,3,3.1,9802.96,Delayed,0.27919782713844554,0.7844774521611133,0.6451612903225806,0.2524271844660194,0.7903976363412533
SHP10199,2026-01-29,Pune,Chennai,Road,Bluedart,588.0,31.18,28,1,3.5,5650.69,Delayed,0.36856792052684456,0.6260404121504081,0.1935483870967742,0.2912621359223301,0.4046056039338566
SHP10200,2026-02-05,Pune,Mumbai,Road,Delhivery,970.0,12.32,37,7,8.6,7854.27,Delayed,0.6528258362168397,0.22224006423123244,0.4838709677419355,0.7864077669902911,0.6093426770943908
SHP10201,2026-01-13,Pune,Mysuru,Road,Ecom Express,463.8,11.53,36,4,6.2,4364.49,Delayed,0.27614689139412885,0.205325839689549,0.45161290322580644,0.5533980582524272,0.28510332877294614
SHP10202,2026-02-01,Mumbai,Hubballi,Road,Dhl,793.9,25.15,35,4,5.9,6987.36,Delayed,0.5217844253450906,0.49693563495249554,0.41935483870967744,0.5242718446601942,0.5287971030314574
SHP10203,2026-03-12,Mysuru,Mangaluru,Road,Dhl,757.7,17.29,28,1,3.8,6119.01,Delayed,0.4948468951147822,0.32864980596815196,0.1935483870967742,0.3203883495145631,0.44811773696399004
SHP10204,2026-02-28,Bengaluru,Pune,Road,Bluedart,786.7,28.29,32,2,4.9,7095.71,Delayed,0.5164266845258028,0.564164324902984,0.3225806451612903,0.4271844660194175,0.538864022261503
SHP10205,2026-04-25,Pune,Mysuru,Sea,Ecom Express,878.2,4.39,37,4,9.4,3730.43,Delayed,0.5845146407709194,0.052455506490030765,0.4838709677419355,0.8640776699029126,0.22619210766539924
SHP10206,2026-03-27,Bengaluru,Chennai,Air,Dtdc,1402.5,10.97,42,5,5.8,12058.904999999999,Delayed,0.9746623507087845,0.19333600963468486,0.6451612903225806,0.5145631067961165,1.0
SHP10207,2026-01-28,Pune,Hyderabad,Road,Dhl,343.7,28.61,31,4,2.8,3770.76,On Time,0.18677679800572983,0.5710156563629064,0.2903225806451613,0.22330097087378636,0.22993921290349556
SHP10208,2026-03-07,Hubballi,Bengaluru,Road,Bluedart,947.6,8.79,38,5,6.4,7878.06,Delayed,0.6361573092234997,0.14666131406396357,0.5161290322580645,0.5728155339805825,0.6115530325026306
SHP10209,2026-02-11,Mysuru,Chennai,Road,Dtdc,407.8,20.11,33,1,2.3,4509.03,Delayed,0.23447557391077878,0.389027164458718,0.3548387096774194,0.17475728155339804,0.29853270122805264
SHP10210,2026-02-14,Mysuru,Hyderabad,Road,Ecom Express,497.5,14.78,36,1,3.1,4555.05,Delayed,0.30122409495107344,0.2749096748293858,0.45161290322580644,0.2524271844660194,0.3028084707062871
SHP10211,2026-03-03,Hyderabad,Hubballi,Road,Dhl,252.5,15.19,32,4,4.5,2660.34,Delayed,0.11891208096141684,0.2836879432624113,0.3225806451612903,0.3883495145631068,0.12676885340716673
SHP10212,2026-02-26,Mumbai,Chennai,Air,Dtdc,556.6,24.33,32,3,3.4,11246.25,Delayed,0.34520221750939467,0.4793790980864444,0.3225806451612903,0.2815533980582524,0.9244953184412303
SHP10213,2026-04-27,Hyderabad,Mumbai,Road,Dtdc,960.7,17.54,37,5,8.3,8017.94,Delayed,0.6459054209919263,0.33400240867121633,0.4838709677419355,0.7572815533980582,0.6245494391652866
SHP10214,2026-01-06,Hyderabad,Bengaluru,Air,Dtdc,679.6,16.48,31,2,3.9,12058.904999999999,Delayed,0.4367302898388957,0.31130737321022345,0.2903225806451613,0.33009708737864074,1.0
SHP10215,2026-01-28,Hyderabad,Hyderabad,Sea,Dhl,720.7,13.55,36,4,8.8,3891.2,Delayed,0.4673140603489973,0.2485748695303091,0.45161290322580644,0.8058252427184466,0.2411294275049417
SHP10216,2026-01-28,Hyderabad,Hyderabad,Road,Dhl,166.1,5.6,36,2,3.9,1844.13,Delayed,0.05461919112996242,0.07836210357286229,0.45161290322580644,0.33009708737864074,0.05093387283720348
SHP10217,2026-04-18,Hyderabad,Hyderabad,Air,Delhivery,382.0,19.19,44,4,2.9,7952.91,On Time,0.2152770026416639,0.36932958651144115,0.7096774193548387,0.23300970873786406,0.618507429404974
SHP10218,2026-02-13,Chennai,Hubballi,Rail,Ecom Express,335.2,24.16,50,3,6.2,2989.39,Delayed,0.18045168731629274,0.4757393282483607,0.9032258064516129,0.5533980582524272,0.15734125555434256
SHP10219,2026-03-25,Mysuru,Chennai,Road,Bluedart,743.8,36.55,39,3,5.2,6904.65,Delayed,0.48450347881087913,0.7410143182122306,0.5483870967741935,0.45631067961165045,0.5211124247710321
SHP10220,2026-01-30,Hyderabad,Hubballi,Road,Dtdc,262.8,9.45,46,3,4.7,2757.77,Delayed,0.1265766268556759,0.1607921852000535,0.7741935483870968,0.4077669902912621,0.13582118326949566
